Provider ID,Hospital Name,Address,City,State,ZIP Code,County Name,Phone Number,Hospital Type,Hospital Ownership,Emergency Services,Meets criteria for meaningful use of EHRs,Hospital overall rating,Hospital overall rating footnote,Mortality national comparison,Mortality national comparison footnote,Safety of care national comparison,Safety of care national comparison footnote,Readmission national comparison,Readmission national comparison footnote,Patient experience national comparison,Patient experience national comparison footnote,Effectiveness of care national comparison,Effectiveness of care national comparison footnote,Timeliness of care national comparison,Timeliness of care national comparison footnote,Efficient use of medical imaging national comparison,Efficient use of medical imaging national comparison footnote,Location
330019,"NEW YORK COMMUNITY HOSPITAL OF BROOKLYN, INC.",2525 KINGS HIGHWAY,BROOKLYN,NY,11229,KINGS,7186925302,Acute Care Hospitals,Voluntary non-profit - Private,true,true,3,,Above the National average,,Above the National average,,Below the National average,,Below the National average,,Same as the National average,,Below the National average,,Not Available,Results are not available for this reporting period,
330003,ALBANY MEMORIAL HOSPITAL,600 NORTHERN BOULEVARD,ALBANY,NY,12204,ALBANY,5184713221,Acute Care Hospitals,Voluntary non-profit - Private,true,true,2,,Same as the National average,,Same as the National average,,Same as the National average,,Below the National average,,Same as the National average,,Below the National average,,Not Available,Results are not available for this reporting period,
330004,HEALTHALLIANCE HOSPITAL BROADWAY CAMPUS,396 BROADWAY,KINGSTON,NY,12401,ULSTER,9143313131,Acute Care Hospitals,Voluntary non-profit - Private,true,true,1,,Same as the National average,,Below the National average,,Below the National average,,Below the National average,,Same as the National average,,Below the National average,,Same as the National average,,
330005,KALEIDA HEALTH,"726 EXCHANGE STREET, SUITE 522",BUFFALO,NY,14210,ERIE,7168598620,Acute Care Hospitals,Voluntary non-profit - Private,true,true,2,,Same as the National average,,Below the National average,,Above the National average,,Below the National average,,Below the National average,,Below the National average,,Same as the National average,,
330006,ST JOSEPH'S MEDICAL CENTER,127 SOUTH BROADWAY,YONKERS,NY,10701,WESTCHESTER,9143787000,Acute Care Hospitals,Voluntary non-profit - Private,true,true,1,,Same as the National average,,Below the National average,,Below the National average,,Below the National average,,Same as the National average,,Below the National average,,Same as the National average,,
330008,WYOMING COUNTY COMMUNITY HOSPITAL,400 NORTH MAIN STREET,WARSAW,NY,14569,WYOMING,5857862233,Acute Care Hospitals,Government - Local,true,true,3,,Same as the National average,,Not Available,Results are not available for this reporting period,Same as the National average,,Below the National average,,Below the National average,,Same as the National average,,Not Available,Results are not available for this reporting period,
330009,BRONX-LEBANON HOSPITAL CENTER,1276 FULTON AVENUE,BRONX,NY,10456,BRONX,2125887000,Acute Care Hospitals,Proprietary,true,true,1,,Same as the National average,,Below the National average,,Below the National average,,Below the National average,,Same as the National average,,Below the National average,,Not Available,Results are not available for this reporting period,
330011,"OUR LADY OF LOURDES MEMORIAL HOSPITAL, INC",169 RIVERSIDE DRIVE,BINGHAMTON,NY,13905,BROOME,6077985111,Acute Care Hospitals,Voluntary non-profit - Private,true,true,1,,Below the National average,,Below the National average,,Below the National average,,Below the National average,,Same as the National average,,Same as the National average,,Below the National average,,
330013,ALBANY MEDICAL CENTER HOSPITAL,43 NEW SCOTLAND AVENUE,ALBANY,NY,12208,ALBANY,5182623000,Acute Care Hospitals,Voluntary non-profit - Private,true,true,2,,Same as the National average,,Same as the National average,,Below the National average,,Below the National average,,Same as the National average,,Below the National average,,Same as the National average,,
330014,JAMAICA HOSPITAL MEDICAL CENTER,89TH AVENUE AND VAN WYCK EXPRESSWAY,JAMAICA,NY,11418,QUEENS,7182626000,Acute Care Hospitals,Voluntary non-profit - Private,true,true,1,,Below the National average,,Same as the National average,,Below the National average,,Below the National average,,Below the National average,,Below the National average,,Same as the National average,,
330023,VASSAR BROTHERS MEDICAL CENTER,45 READE PLACE,POUGHKEEPSIE,NY,12601,DUTCHESS,8454548500,Acute Care Hospitals,Voluntary non-profit - Private,true,true,2,,Below the National average,,Same as the National average,,Below the National average,,Below the National average,,Same as the National average,,Below the National average,,Above the National average,,
330024,MOUNT SINAI HOSPITAL,ONE GUSTAVE L LEVY PLACE,NEW YORK,NY,10029,NEW YORK,2122417981,Acute Care Hospitals,Voluntary non-profit - Private,true,true,3,,Above the National average,,Below the National average,,Same as the National average,,Below the National average,,Same as the National average,,Below the National average,,Same as the National average,,
330027,NASSAU UNIVERSITY MEDICAL CENTER,2201 HEMPSTEAD TURNPIKE,EAST MEADOW,NY,11554,NASSAU,5165720123,Acute Care Hospitals,Government - Local,true,true,1,,Below the National average,,Same as the National average,,Below the National average,,Below the National average,,Same as the National average,,Below the National average,,Same as the National average,,
330028,RICHMOND UNIVERSITY MEDICAL CENTER,355 BARD AVENUE,STATEN ISLAND,NY,10304,RICHMOND,7188181234,Acute Care Hospitals,Voluntary non-profit - Private,true,true,1,,Same as the National average,,Below the National average,,Below the National average,,Below the National average,,Same as the National average,,Below the National average,,Not Available,Results are not available for this reporting period,
330030,NEWARK-WAYNE COMMUNITY HOSPITAL,111 DRIVING PARK AVENUE,NEWARK,NY,14513,WAYNE,3153322022,Acute Care Hospitals,Voluntary non-profit - Private,true,true,2,,Same as the National average,,Same as the National average,,Below the National average,,Below the National average,,Same as the National average,,Above the National average,,Not Available,Results are not available for this reporting period,
330033,"CHENANGO MEMORIAL HOSPITAL, INC",179 NORTH BROAD STREET,NORWICH,NY,13815,CHENANGO,6073354111,Acute Care Hospitals,Voluntary non-profit - Private,true,true,3,,Same as the National average,,Same as the National average,,Same as the National average,,Same as the National average,,Same as the National average,,Above the National average,,Same as the National average,,
330043,SOUTHSIDE HOSPITAL,301 EAST MAIN STREET,BAY SHORE,NY,11706,SUFFOLK,6319683000,Acute Care Hospitals,Voluntary non-profit - Private,true,true,1,,Below the National average,,Below the National average,,Below the National average,,Below the National average,,Same as the National average,,Below the National average,,Above the National average,,
330044,FAXTON-ST LUKE'S HEALTHCARE,1656 CHAMPLIN AVENUE,UTICA,NY,13503,ONEIDA,3157986000,Acute Care Hospitals,Voluntary non-profit - Private,true,true,1,,Below the National average,,Below the National average,,Below the National average,,Below the National average,,Same as the National average,,Below the National average,,Same as the National average,,
330045,HUNTINGTON HOSPITAL,270 PARK AVENUE,HUNTINGTON,NY,11743,SUFFOLK,6313512000,Acute Care Hospitals,Voluntary non-profit - Private,true,true,3,,Same as the National average,,Above the National average,,Below the National average,,Same as the National average,,Same as the National average,,Below the National average,,Above the National average,,
330046,ST LUKE'S ROOSEVELT HOSPITAL,1000 TENTH AVENUE,NEW YORK,NY,10019,NEW YORK,2125234000,Acute Care Hospitals,Voluntary non-profit - Private,true,true,2,,Above the National average,,Below the National average,,Below the National average,,Below the National average,,Same as the National average,,Below the National average,,Same as the National average,,
330047,ST MARY'S HOSPITAL AT AMSTERDAM,427 GUY PARK AVENUE,AMSTERDAM,NY,12010,MONTGOMERY,5188417101,Acute Care Hospitals,Voluntary non-profit - Private,true,true,3,,Below the National average,,Above the National average,,Same as the National average,,Below the National average,,Same as the National average,,Above the National average,,Same as the National average,,
330049,NORTHERN DUTCHESS HOSPITAL,6511 SPRINGBROOK AVENUE,RHINEBECK,NY,12572,DUTCHESS,8458713391,Acute Care Hospitals,Voluntary non-profit - Private,true,true,3,,Same as the National average,,Same as the National average,,Above the National average,,Same as the National average,,Same as the National average,,Above the National average,,Same as the National average,,
330055,NEW YORK-PRESBYTERIAN/QUEENS,56-45 MAIN STREET,FLUSHING,NY,11355,QUEENS,7186702000,Acute Care Hospitals,Voluntary non-profit - Private,true,true,2,,Same as the National average,,Above the National average,,Below the National average,,Below the National average,,Below the National average,,Below the National average,,Same as the National average,,
330056,BROOKLYN HOSPITAL CENTER AT DOWNTOWN CAMPUS,121 DEKALB AVENUE,BROOKLYN,NY,11201,KINGS,7182508000,Acute Care Hospitals,Voluntary non-profit - Private,true,true,1,,Same as the National average,,Below the National average,,Below the National average,,Below the National average,,Same as the National average,,Below the National average,,Not Available,Results are not available for this reporting period,
330057,ST PETER'S HOSPITAL,315 SOUTH MANNING BOULEVARD,ALBANY,NY,12208,ALBANY,5185251550,Acute Care Hospitals,Voluntary non-profit - Private,true,true,3,,Above the National average,,Below the National average,,Above the National average,,Below the National average,,Same as the National average,,Below the National average,,Same as the National average,,
330058,GENEVA GENERAL HOSPITAL,196 -198 NORTH STREET,GENEVA,NY,14456,ONTARIO,3157874175,Acute Care Hospitals,Voluntary non-profit - Private,true,true,3,,Same as the National average,,Same as the National average,,Same as the National average,,Below the National average,,Above the National average,,Below the National average,,Same as the National average,,
330059,MONTEFIORE MEDICAL CENTER,111 EAST 210TH STREET,BRONX,NY,10467,BRONX,7189204321,Acute Care Hospitals,Voluntary non-profit - Private,true,true,1,,Above the National average,,Below the National average,,Below the National average,,Below the National average,,Below the National average,,Below the National average,,Above the National average,,
330061,LAWRENCE HOSPITAL CENTER,55 PALMER AVENUE,BRONXVILLE,NY,10708,WESTCHESTER,9147871000,Acute Care Hospitals,Voluntary non-profit - Private,true,true,3,,Same as the National average,,Above the National average,,Below the National average,,Below the National average,,Same as the National average,,Below the National average,,Same as the National average,,
330065,NIAGARA FALLS MEMORIAL MEDICAL CENTER,621 TENTH STREET,NIAGARA FALLS,NY,14302,NIAGARA,7162784000,Acute Care Hospitals,Voluntary non-profit - Other,true,true,2,,Same as the National average,,Below the National average,,Same as the National average,,Below the National average,,Same as the National average,,Same as the National average,,Same as the National average,,
330073,UNITED MEMORIAL MEDICAL CENTER,127 NORTH STREET,BATAVIA,NY,14020,GENESEE,5853436030,Acute Care Hospitals,Voluntary non-profit - Private,true,true,3,,Same as the National average,,Same as the National average,,Same as the National average,,Same as the National average,,Same as the National average,,Same as the National average,,Not Available,Results are not available for this reporting period,
330074,F F THOMPSON HOSPITAL,350 PARRISH STREET,CANANDAIGUA,NY,14424,ONTARIO,5853966000,Acute Care Hospitals,Voluntary non-profit - Private,true,true,3,,Same as the National average,,Above the National average,,Below the National average,,Below the National average,,Same as the National average,,Below the National average,,Same as the National average,,
330078,SISTERS OF CHARITY HOSPITAL,2157 MAIN STREET,BUFFALO,NY,14214,ERIE,7168621000,Acute Care Hospitals,Voluntary non-profit - Private,true,true,3,,Same as the National average,,Above the National average,,Above the National average,,Below the National average,,Same as the National average,,Below the National average,,Same as the National average,,
330079,ADIRONDACK MEDICAL CENTER,2233 STATE ROUTE 86,SARANAC LAKE,NY,12983,FRANKLIN,5188914141,Acute Care Hospitals,Voluntary non-profit - Other,true,true,4,,Same as the National average,,Same as the National average,,Above the National average,,Above the National average,,Same as the National average,,Same as the National average,,Same as the National average,,
330080,LINCOLN MEDICAL & MENTAL HEALTH CENTER,234 EAST 149TH STREET,BRONX,NY,10451,BRONX,7185795000,Acute Care Hospitals,Government - Local,true,true,1,,Same as the National average,,Above the National average,,Below the National average,,Below the National average,,Same as the National average,,Below the National average,,Same as the National average,,
330084,ALICE HYDE MEDICAL CENTER,133 PARK STREET,MALONE,NY,12953,FRANKLIN,5184833000,Acute Care Hospitals,Voluntary non-profit - Other,true,true,3,,Same as the National average,,Same as the National average,,Same as the National average,,Below the National average,,Same as the National average,,Above the National average,,Same as the National average,,
330085,AURELIA OSBORN FOX MEMORIAL HOSPITAL,ONE NORTON AVENUE,ONEONTA,NY,13820,OTSEGO,6074322000,Acute Care Hospitals,Voluntary non-profit - Other,true,true,2,,Same as the National average,,Below the National average,,Same as the National average,,Same as the National average,,Same as the National average,,Same as the National average,,Below the National average,,
330086,MONTEFIORE MOUNT VERNON HOSPITAL,12 NORTH 7TH AVENUE,MOUNT VERNON,NY,10550,WESTCHESTER,9146648000,Acute Care Hospitals,Voluntary non-profit - Private,true,true,2,,Same as the National average,,Not Available,Results are not available for this reporting period,Below the National average,,Below the National average,,Same as the National average,,Below the National average,,Not Available,Results are not available for this reporting period,
330088,EASTERN LONG ISLAND HOSPITAL,201 MANOR PLACE,GREENPORT,NY,11944,SUFFOLK,6314771000,Acute Care Hospitals,Voluntary non-profit - Private,true,true,3,,Same as the National average,,Not Available,Results are not available for this reporting period,Same as the National average,,Same as the National average,,Same as the National average,,Same as the National average,,Same as the National average,,
330090,ARNOT OGDEN MEDICAL CENTER,600 ROE AVENUE,ELMIRA,NY,14905,CHEMUNG,6077374100,Acute Care Hospitals,Voluntary non-profit - Private,true,true,2,,Same as the National average,,Above the National average,,Below the National average,,Below the National average,,Same as the National average,,Below the National average,,Above the National average,,
330094,COLUMBIA MEMORIAL HOSPITAL,71 PROSPECT AVENUE,HUDSON,NY,12534,COLUMBIA,5188287601,Acute Care Hospitals,Voluntary non-profit - Private,true,true,1,,Same as the National average,,Below the National average,,Below the National average,,Below the National average,,Same as the National average,,Below the National average,,Same as the National average,,
330096,JONES MEMORIAL HOSPITAL,191 NORTH MAIN STREET,WELLSVILLE,NY,14895,ALLEGANY,5855931100,Acute Care Hospitals,Voluntary non-profit - Private,true,true,2,,Same as the National average,,Same as the National average,,Same as the National average,,Same as the National average,,Same as the National average,,Above the National average,,Not Available,Results are not available for this reporting period,
330100,N Y EYE AND EAR INFIRMARY,230 SECOND AVE,NEW YORK,NY,10003,NEW YORK,2129794000,Acute Care Hospitals,Voluntary non-profit - Private,false,true,Not Available,There are too few measures or measure groups reported to calculate a star rating or measure group score,Not Available,Results are not available for this reporting period,Not Available,Results are not available for this reporting period,Not Available,Results are not available for this reporting period,Not Available,Results are not available for this reporting period,Not Available,Results are not available for this reporting period,Not Available,Results are not available for this reporting period,Not Available,Results are not available for this reporting period,
330101,NEW YORK-PRESBYTERIAN HOSPITAL,525 EAST 68TH STREET,NEW YORK,NY,10021,NEW YORK,2127464189,Acute Care Hospitals,Voluntary non-profit - Private,true,true,4,,Above the National average,,Above the National average,,Same as the National average,,Below the National average,,Above the National average,,Below the National average,,Below the National average,,
330102,KENMORE MERCY HOSPITAL,2950 ELMWOOD AVENUE,KENMORE,NY,14217,ERIE,7164476100,Acute Care Hospitals,Voluntary non-profit - Church,true,true,3,,Same as the National average,,Same as the National average,,Above the National average,,Same as the National average,,Same as the National average,,Below the National average,,Same as the National average,,
330103,OLEAN GENERAL HOSPITAL,515 MAIN STREET,OLEAN,NY,14760,CATTARAUGUS,7163732600,Acute Care Hospitals,Proprietary,true,true,2,,Same as the National average,,Below the National average,,Same as the National average,,Below the National average,,Same as the National average,,Same as the National average,,Same as the National average,,
330104,NYACK HOSPITAL,160 NORTH MIDLAND AVENUE,NYACK,NY,10960,ROCKLAND,8453482000,Acute Care Hospitals,Voluntary non-profit - Other,true,true,2,,Same as the National average,,Above the National average,,Below the National average,,Below the National average,,Same as the National average,,Below the National average,,Above the National average,,
330106,NORTH SHORE UNIVERSITY HOSPITAL,300 COMMUNITY DRIVE,MANHASSET,NY,11030,NASSAU,5165620100,Acute Care Hospitals,Voluntary non-profit - Private,true,true,2,,Above the National average,,Below the National average,,Below the National average,,Same as the National average,,Same as the National average,,Below the National average,,Same as the National average,,
330107,PECONIC BAY MEDICAL CENTER,1300 ROANOKE AVENUE,RIVERHEAD,NY,11901,SUFFOLK,6315486000,Acute Care Hospitals,Voluntary non-profit - Private,true,true,1,,Same as the National average,,Below the National average,,Same as the National average,,Below the National average,,Same as the National average,,Below the National average,,Same as the National average,,
330108,"ST JOSEPH'S HOSPITAL, INC",555 ST JOSEPH'S BLVD,ELMIRA,NY,14902,CHEMUNG,6077336541,Acute Care Hospitals,Voluntary non-profit - Private,true,true,2,,Same as the National average,,Same as the National average,,Same as the National average,,Below the National average,,Same as the National average,,Same as the National average,,Same as the National average,,
330111,BERTRAND CHAFFEE HOSPITAL,224 EAST MAIN STREET,SPRINGVILLE,NY,14141,ERIE,7165922871,Acute Care Hospitals,Voluntary non-profit - Private,true,true,2,,Same as the National average,,Not Available,Results are not available for this reporting period,Same as the National average,,Below the National average,,Same as the National average,,Above the National average,,Same as the National average,,
330115,ONEIDA HEALTHCARE,321 GENESEE STREET,ONEIDA,NY,13421,MADISON,3153636000,Acute Care Hospitals,Voluntary non-profit - Other,true,true,3,,Same as the National average,,Above the National average,,Same as the National average,,Above the National average,,Same as the National average,,Same as the National average,,Same as the National average,,
330119,LENOX HILL HOSPITAL,100 EAST 77TH STREET,NEW YORK,NY,10021,NEW YORK,2124392345,Acute Care Hospitals,Voluntary non-profit - Private,true,true,3,,Above the National average,,Below the National average,,Below the National average,,Below the National average,,Same as the National average,,Below the National average,,Same as the National average,,
330125,ROCHESTER GENERAL HOSPITAL,1425 PORTLAND AVENUE,ROCHESTER,NY,14621,MONROE,5859224000,Acute Care Hospitals,Voluntary non-profit - Private,true,true,3,,Above the National average,,Below the National average,,Below the National average,,Same as the National average,,Same as the National average,,Below the National average,,Same as the National average,,
330126,ORANGE REGIONAL MEDICAL CENTER,707 EAST MAIN STREET,MIDDLETOWN,NY,10940,ORANGE,8453432424,Acute Care Hospitals,Voluntary non-profit - Private,true,true,3,,Same as the National average,,Above the National average,,Below the National average,,Same as the National average,,Same as the National average,,Below the National average,,Same as the National average,,
330127,JACOBI MEDICAL CENTER,1400 PELHAM PARKWAY SOUTH,BRONX,NY,10461,BRONX,7189185000,Acute Care Hospitals,Government - Local,true,true,1,,Same as the National average,,Below the National average,,Below the National average,,Below the National average,,Below the National average,,Below the National average,,Same as the National average,,
330128,ELMHURST HOSPITAL CENTER,79-01 BROADWAY,ELMHURST,NY,11373,QUEENS,7183341141,Acute Care Hospitals,Government - Local,true,true,1,,Same as the National average,,Same as the National average,,Below the National average,,Below the National average,,Same as the National average,,Below the National average,,Same as the National average,,
330132,TLC HEALTH NETWORK,845 ROUTES 5 AND 20,IRVING,NY,14081,CHAUTAUQUA,7165323377,Acute Care Hospitals,Voluntary non-profit - Private,true,true,4,,Same as the National average,,Not Available,Results are not available for this reporting period,Same as the National average,,Above the National average,,Same as the National average,,Same as the National average,,Same as the National average,,
330135,BON SECOURS COMMUNITY HOSPITAL,160 EAST MAIN STREET,PORT JERVIS,NY,12771,ORANGE,8458565351,Acute Care Hospitals,Voluntary non-profit - Church,true,,3,,Same as the National average,,Same as the National average,,Below the National average,,Same as the National average,,Same as the National average,,Same as the National average,,Not Available,Results are not available for this reporting period,
330136,MARY IMOGENE BASSETT HOSPITAL,ONE ATWELL ROAD,COOPERSTOWN,NY,13326,OTSEGO,6075473456,Acute Care Hospitals,Voluntary non-profit - Private,true,true,2,,Same as the National average,,Below the National average,,Below the National average,,Below the National average,,Same as the National average,,Below the National average,,Same as the National average,,
330140,ST JOSEPH'S HOSPITAL HEALTH CENTER,301 PROSPECT AVENUE,SYRACUSE,NY,13203,ONONDAGA,3154485111,Acute Care Hospitals,Voluntary non-profit - Private,true,true,3,,Above the National average,,Below the National average,,Below the National average,,Same as the National average,,Same as the National average,,Below the National average,,Above the National average,,
330141,BROOKHAVEN MEMORIAL HOSPITAL MEDICAL CENTER,101 HOSPITAL ROAD,PATCHOGUE,NY,11772,SUFFOLK,6316547100,Acute Care Hospitals,Voluntary non-profit - Private,true,true,2,,Above the National average,,Above the National average,,Below the National average,,Below the National average,,Same as the National average,,Below the National average,,Same as the National average,,
330144,"IRA DAVENPORT MEMORIAL HOSPITAL, INC",7571 STATE ROUTE 54,BATH,NY,14810,STEUBEN,6077768500,Acute Care Hospitals,Voluntary non-profit - Other,true,true,3,,Same as the National average,,Not Available,Results are not available for this reporting period,Same as the National average,,Same as the National average,,Same as the National average,,Same as the National average,,Not Available,Results are not available for this reporting period,
330151,ST JAMES MERCY HOSPITAL,411 CANISTEO STREET,HORNELL,NY,14843,STEUBEN,6073248000,Acute Care Hospitals,Voluntary non-profit - Church,true,,3,,Same as the National average,,Not Available,Results are not available for this reporting period,Same as the National average,,Below the National average,,Same as the National average,,Same as the National average,,Not Available,Results are not available for this reporting period,
330153,ELLIS HOSPITAL,1101 NOTT STREET,SCHENECTADY,NY,12308,SCHENECTADY,5182434000,Acute Care Hospitals,Proprietary,true,true,2,,Below the National average,,Above the National average,,Same as the National average,,Below the National average,,Same as the National average,,Below the National average,,Above the National average,,
330157,SAMARITAN MEDICAL CENTER,830 WASHINGTON STREET,WATERTOWN,NY,13601,JEFFERSON,3157854121,Acute Care Hospitals,Voluntary non-profit - Private,true,true,2,,Below the National average,,Below the National average,,Above the National average,,Below the National average,,Same as the National average,,Below the National average,,Below the National average,,
330158,GOOD SAMARITAN HOSPITAL OF SUFFERN,255 LAFAYETTE AVENUE,SUFFERN,NY,10901,ROCKLAND,9143685000,Acute Care Hospitals,Voluntary non-profit - Church,true,,2,,Same as the National average,,Below the National average,,Below the National average,,Below the National average,,Below the National average,,Below the National average,,Same as the National average,,
330160,STATEN ISLAND UNIVERSITY HOSPITAL,475 SEAVIEW AVENUE,STATEN ISLAND,NY,10305,RICHMOND,7182269000,Acute Care Hospitals,Voluntary non-profit - Private,true,true,1,,Same as the National average,,Below the National average,,Below the National average,,Below the National average,,Below the National average,,Below the National average,,Same as the National average,,
330162,NORTHERN WESTCHESTER HOSPITAL,400 EAST MAIN STREET,MOUNT KISCO,NY,10549,WESTCHESTER,9146661200,Acute Care Hospitals,Voluntary non-profit - Private,true,true,4,,Above the National average,,Above the National average,,Same as the National average,,Above the National average,,Same as the National average,,Same as the National average,,Same as the National average,,
330163,EASTERN NIAGARA HOSPITAL,521 EAST AVENUE,LOCKPORT,NY,14094,NIAGARA,7165145700,Acute Care Hospitals,Voluntary non-profit - Private,true,true,2,,Same as the National average,,Same as the National average,,Below the National average,,Below the National average,,Below the National average,,Same as the National average,,Same as the National average,,
330164,HIGHLAND HOSPITAL,1000 SOUTH AVENUE,ROCHESTER,NY,14620,MONROE,5854732200,Acute Care Hospitals,Voluntary non-profit - Private,true,true,4,,Below the National average,,Above the National average,,Above the National average,,Above the National average,,Same as the National average,,Same as the National average,,Same as the National average,,
330166,"WESTFIELD MEMORIAL HOSPITAL, INC",189 EAST MAIN STREET,WESTFIELD,NY,14787,CHAUTAUQUA,7163264921,Acute Care Hospitals,Voluntary non-profit - Private,true,true,Not Available,There are too few measures or measure groups reported to calculate a star rating or measure group score,Not Available,Results are not available for this reporting period,Not Available,Results are not available for this reporting period,Not Available,Results are not available for this reporting period,Not Available,Results are not available for this reporting period,Below the National average,,Same as the National average,,Same as the National average,,
330167,WINTHROP-UNIVERSITY HOSPITAL,259 FIRST STREET,MINEOLA,NY,11501,NASSAU,5166630333,Acute Care Hospitals,Voluntary non-profit - Private,true,true,2,,Above the National average,,Below the National average,,Below the National average,,Below the National average,,Same as the National average,,Below the National average,,Above the National average,,
330169,MOUNT SINAI BETH ISRAEL/PETRIE CAMPUS,FIRST AVENUE AT 16TH STREET,NEW YORK,NY,10003,NEW YORK,2124202000,Acute Care Hospitals,Voluntary non-profit - Private,true,true,2,,Above the National average,,Below the National average,,Below the National average,,Below the National average,,Same as the National average,,Below the National average,,Same as the National average,,
330175,"CORTLAND REGIONAL MEDICAL CENTER, INC",134 HOMER AVENUE,CORTLAND,NY,13045,CORTLAND,6077563500,Acute Care Hospitals,Voluntary non-profit - Private,true,true,3,,Above the National average,,Same as the National average,,Below the National average,,Below the National average,,Same as the National average,,Below the National average,,Same as the National average,,
330180,SAMARITAN HOSPITAL,2215 BURDETT AVENUE,TROY,NY,12180,RENSSELAER,5182713300,Acute Care Hospitals,Voluntary non-profit - Private,true,true,2,,Same as the National average,,Same as the National average,,Same as the National average,,Below the National average,,Same as the National average,,Below the National average,,Same as the National average,,
330181,GLEN COVE HOSPITAL,101 ST ANDREWS LANE,GLEN COVE,NY,11542,NASSAU,5166747300,Acute Care Hospitals,Voluntary non-profit - Private,true,,2,,Same as the National average,,Below the National average,,Below the National average,,Below the National average,,Same as the National average,,Below the National average,,Same as the National average,,
330182,"ST FRANCIS HOSPITAL, ROSLYN",100 PORT WASHINGTON BOULEVARD,ROSLYN,NY,11576,NASSAU,5165626000,Acute Care Hospitals,Voluntary non-profit - Church,true,true,4,,Above the National average,,Below the National average,,Above the National average,,Above the National average,,Same as the National average,,Below the National average,,Same as the National average,,
330184,MONTEFIORE NEW ROCHELLE HOSPITAL,16 GUION PLACE,NEW ROCHELLE,NY,10802,WESTCHESTER,9146325000,Acute Care Hospitals,Voluntary non-profit - Private,true,true,2,,Same as the National average,,Below the National average,,Below the National average,,Below the National average,,Same as the National average,,Below the National average,,Not Available,Results are not available for this reporting period,
330185,JOHN T MATHER MEMORIAL HOSPITAL  OF PORT JEFFERSON,75 NORTH COUNTRY ROAD,PORT JEFFERSON,NY,11777,SUFFOLK,6314731320,Acute Care Hospitals,Voluntary non-profit - Private,true,true,4,,Above the National average,,Same as the National average,,Below the National average,,Above the National average,,Same as the National average,,Below the National average,,Same as the National average,,
330188,MOUNT ST MARY'S HOSPITAL AND  HEALTH CENTER,5300 MILITARY ROAD,LEWISTON,NY,14092,NIAGARA,7162974800,Acute Care Hospitals,Voluntary non-profit - Church,true,true,3,,Same as the National average,,Same as the National average,,Same as the National average,,Below the National average,,Below the National average,,Same as the National average,,Same as the National average,,
330191,GLENS FALLS HOSPITAL,100 PARK STREET,GLENS FALLS,NY,12801,WARREN,5189261000,Acute Care Hospitals,Voluntary non-profit - Private,true,true,4,,Same as the National average,,Above the National average,,Above the National average,,Above the National average,,Same as the National average,,Below the National average,,Above the National average,,
330193,FLUSHING HOSPITAL MEDICAL CENTER,45TH AVENUE AND PARSONS BOULEVARD,FLUSHING,NY,11355,QUEENS,7186705000,Acute Care Hospitals,Voluntary non-profit - Private,true,true,1,,Same as the National average,,Same as the National average,,Below the National average,,Below the National average,,Same as the National average,,Below the National average,,Same as the National average,,
330194,MAIMONIDES MEDICAL CENTER,4802 TENTH AVENUE,BROOKLYN,NY,11219,KINGS,7182836000,Acute Care Hospitals,Voluntary non-profit - Private,true,true,2,,Above the National average,,Same as the National average,,Below the National average,,Below the National average,,Below the National average,,Below the National average,,Same as the National average,,
330195,LONG ISLAND JEWISH MEDICAL CENTER,270 - 05 76TH AVENUE,NEW HYDE PARK,NY,11040,QUEENS,7184707000,Acute Care Hospitals,Voluntary non-profit - Private,true,true,2,,Above the National average,,Below the National average,,Below the National average,,Below the National average,,Below the National average,,Below the National average,,Above the National average,,
330196,CONEY ISLAND HOSPITAL,2601 OCEAN PARKWAY,BROOKLYN,NY,11235,KINGS,7186163000,Acute Care Hospitals,Government - Local,true,true,1,,Above the National average,,Below the National average,,Below the National average,,Below the National average,,Same as the National average,,Below the National average,,Same as the National average,,
330197,CANTON-POTSDAM HOSPITAL,50 LEROY STREET,POTSDAM,NY,13676,SAINT LAWRENCE,3152653300,Acute Care Hospitals,Voluntary non-profit - Private,true,true,3,,Same as the National average,,Same as the National average,,Same as the National average,,Below the National average,,Same as the National average,,Same as the National average,,Below the National average,,
330198,SOUTH NASSAU COMMUNITIES HOSPITAL,ONE HEALTHY WAY,OCEANSIDE,NY,11572,NASSAU,5166323000,Acute Care Hospitals,Voluntary non-profit - Private,true,true,2,,Same as the National average,,Below the National average,,Below the National average,,Below the National average,,Same as the National average,,Below the National average,,Above the National average,,
330199,METROPOLITAN HOSPITAL CENTER,1901 FIRST AVENUE,NEW YORK,NY,10029,NEW YORK,2124236262,Acute Care Hospitals,Government - Local,true,true,2,,Same as the National average,,Same as the National average,,Same as the National average,,Below the National average,,Same as the National average,,Below the National average,,Not Available,Results are not available for this reporting period,
330201,KINGSBROOK JEWISH MEDICAL CENTER,585 SCHENECTADY AVENUE,BROOKLYN,NY,11203,KINGS,7186045789,Acute Care Hospitals,Voluntary non-profit - Private,true,true,2,,Above the National average,,Same as the National average,,Below the National average,,Below the National average,,Same as the National average,,Below the National average,,Not Available,Results are not available for this reporting period,
330202,KINGS COUNTY HOSPITAL CENTER,451 CLARKSON AVENUE,BROOKLYN,NY,11203,KINGS,7182453901,Acute Care Hospitals,Government - Local,true,true,1,,Same as the National average,,Below the National average,,Below the National average,,Below the National average,,Below the National average,,Below the National average,,Not Available,Results are not available for this reporting period,
330203,CROUSE HOSPITAL,736 IRVING AVENUE,SYRACUSE,NY,13210,ONONDAGA,3154707449,Acute Care Hospitals,Voluntary non-profit - Private,true,true,2,,Same as the National average,,Below the National average,,Below the National average,,Below the National average,,Same as the National average,,Below the National average,,Same as the National average,,
330204,BELLEVUE HOSPITAL CENTER,462 FIRST AVENUE,NEW YORK,NY,10016,NEW YORK,2125614132,Acute Care Hospitals,Government - Local,true,true,1,,Same as the National average,,Below the National average,,Below the National average,,Below the National average,,Same as the National average,,Below the National average,,Not Available,Results are not available for this reporting period,
330205,ST ANTHONY COMMUNITY HOSPITAL,15 - 19  MAPLE AVENUE,WARWICK,NY,10990,ORANGE,8459862276,Acute Care Hospitals,Voluntary non-profit - Church,true,,3,,Same as the National average,,Same as the National average,,Same as the National average,,Above the National average,,Same as the National average,,Above the National average,,Same as the National average,,
330208,ST JOHN'S RIVERSIDE HOSPITAL,976 NORTH BROADWAY,YONKERS,NY,10701,WESTCHESTER,9149644444,Acute Care Hospitals,Voluntary non-profit - Private,true,true,3,,Above the National average,,Above the National average,,Below the National average,,Same as the National average,,Same as the National average,,Below the National average,,Same as the National average,,
330211,CLAXTON-HEPBURN MEDICAL CENTER,214 KING STREET,OGDENSBURG,NY,13669,SAINT LAWRENCE,3153933600,Acute Care Hospitals,Voluntary non-profit - Private,true,true,3,,Same as the National average,,Same as the National average,,Same as the National average,,Below the National average,,Same as the National average,,Same as the National average,,Same as the National average,,
330214,NYU HOSPITALS CENTER,550 FIRST AVENUE,NEW YORK,NY,10016,NEW YORK,2122637300,Acute Care Hospitals,Voluntary non-profit - Private,true,true,4,,Above the National average,,Below the National average,,Above the National average,,Below the National average,,Same as the National average,,Below the National average,,Same as the National average,,
330215,"ROME MEMORIAL HOSPITAL, INC",1500 NORTH JAMES STREET,ROME,NY,13440,ONEIDA,3153387000,Acute Care Hospitals,Voluntary non-profit - Private,true,true,2,,Same as the National average,,Same as the National average,,Below the National average,,Below the National average,,Same as the National average,,Below the National average,,Same as the National average,,
330218,OSWEGO HOSPITAL,110 WEST SIXTH STREET,OSWEGO,NY,13126,OSWEGO,3153495511,Acute Care Hospitals,Voluntary non-profit - Private,true,true,3,,Same as the National average,,Same as the National average,,Below the National average,,Same as the National average,,Same as the National average,,Below the National average,,Same as the National average,,
330219,ERIE COUNTY MEDICAL CENTER,462 GRIDER STREET,BUFFALO,NY,14215,ERIE,7168983936,Acute Care Hospitals,Voluntary non-profit - Private,true,true,2,,Same as the National average,,Same as the National average,,Below the National average,,Same as the National average,,Same as the National average,,Below the National average,,Same as the National average,,
330221,WYCKOFF HEIGHTS MEDICAL CENTER,374 STOCKHOLM STREET,BROOKLYN,NY,11237,KINGS,7189637272,Acute Care Hospitals,Voluntary non-profit - Private,true,true,1,,Same as the National average,,Same as the National average,,Below the National average,,Below the National average,,Same as the National average,,Below the National average,,Same as the National average,,
330222,SARATOGA HOSPITAL,211 CHURCH STREET,SARATOGA SPRINGS,NY,12866,SARATOGA,5185873222,Acute Care Hospitals,Voluntary non-profit - Private,true,true,3,,Same as the National average,,Same as the National average,,Above the National average,,Above the National average,,Same as the National average,,Below the National average,,Above the National average,,
330223,MASSENA MEMORIAL HOSPITAL,1 HOSPITAL DRIVE,MASSENA,NY,13662,SAINT LAWRENCE,3157641711,Acute Care Hospitals,Government - Local,true,true,2,,Same as the National average,,Same as the National average,,Same as the National average,,Below the National average,,Same as the National average,,Same as the National average,,Same as the National average,,
330224,HEALTHALLIANCE HOSPITAL MARYS AVENUE CAMPUS,105 MARY'S AVENUE,KINGSTON,NY,12401,ULSTER,8453382500,Acute Care Hospitals,Voluntary non-profit - Church,true,true,4,,Not Available,Results are not available for this reporting period,Same as the National average,,Same as the National average,,Same as the National average,,Not Available,Results are not available for this reporting period,Not Available,Results are not available for this reporting period,Not Available,Results are not available for this reporting period,
330226,UNITY HOSPITAL OF ROCHESTER,1555 LONG POND ROAD,ROCHESTER,NY,14626,MONROE,5857237000,Acute Care Hospitals,Voluntary non-profit - Private,true,true,4,,Same as the National average,,Above the National average,,Below the National average,,Above the National average,,Same as the National average,,Below the National average,,Not Available,Results are not available for this reporting period,
330229,BROOKS MEMORIAL HOSPITAL,529 CENTRAL AVENUE,DUNKIRK,NY,14048,CHAUTAUQUA,7163661111,Acute Care Hospitals,Voluntary non-profit - Private,true,,2,,Same as the National average,,Same as the National average,,Same as the National average,,Below the National average,,Same as the National average,,Same as the National average,,Not Available,Results are not available for this reporting period,
330231,QUEENS HOSPITAL CENTER,82-68 164TH STREET,JAMAICA,NY,11432,QUEENS,7188833000,Acute Care Hospitals,Government - Local,true,true,1,,Same as the National average,,Same as the National average,,Below the National average,,Below the National average,,Same as the National average,,Below the National average,,Same as the National average,,
330232,ST MARY'S HOSPITAL ( TROY ),1300 MASSACHUSETTS AVENUE,TROY,NY,12180,RENSSELAER,5182685000,Acute Care Hospitals,Voluntary non-profit - Private,true,true,3,,Same as the National average,,Above the National average,,Same as the National average,,Below the National average,,Same as the National average,,Below the National average,,Same as the National average,,
330233,BROOKDALE HOSPITAL MEDICAL CENTER,1 BROOKDALE PLAZA,BROOKLYN,NY,11212,KINGS,7182405966,Acute Care Hospitals,Voluntary non-profit - Private,true,true,1,,Same as the National average,,Below the National average,,Below the National average,,Below the National average,,Below the National average,,Below the National average,,Same as the National average,,
330234,WESTCHESTER MEDICAL CENTER,100 WOODS RD,VALHALLA,NY,10595,WESTCHESTER,9142857017,Acute Care Hospitals,Government - Hospital District or Authority,true,true,1,,Same as the National average,,Below the National average,,Below the National average,,Below the National average,,Same as the National average,,Below the National average,,Below the National average,,
330235,AUBURN COMMUNITY HOSPITAL,17 LANSING STREET,AUBURN,NY,13021,CAYUGA,3152557011,Acute Care Hospitals,Voluntary non-profit - Private,true,true,2,,Same as the National average,,Same as the National average,,Same as the National average,,Below the National average,,Same as the National average,,Below the National average,,Same as the National average,,
330236,NEW YORK METHODIST HOSPITAL,506 SIXTH STREET,BROOKLYN,NY,11215,KINGS,7187803000,Acute Care Hospitals,Voluntary non-profit - Private,true,true,1,,Above the National average,,Below the National average,,Below the National average,,Below the National average,,Same as the National average,,Below the National average,,Same as the National average,,
330238,NICHOLAS H NOYES MEMORIAL HOSPITAL,111  CLARA BARTON STREET,DANSVILLE,NY,14437,LIVINGSTON,5853356001,Acute Care Hospitals,Voluntary non-profit - Private,true,true,3,,Same as the National average,,Same as the National average,,Same as the National average,,Same as the National average,,Same as the National average,,Same as the National average,,Same as the National average,,
330239,WOMAN'S CHRISTIAN ASSOCIATION,207 FOOTE AVENUE,JAMESTOWN,NY,14701,CHAUTAUQUA,7164870141,Acute Care Hospitals,Voluntary non-profit - Private,true,true,2,,Same as the National average,,Same as the National average,,Same as the National average,,Below the National average,,Below the National average,,Below the National average,,Same as the National average,,
330240,HARLEM HOSPITAL CENTER,506 LENOX AVENUE,NEW YORK,NY,10037,NEW YORK,2124918400,Acute Care Hospitals,Government - Local,true,true,1,,Same as the National average,,Same as the National average,,Below the National average,,Below the National average,,Same as the National average,,Below the National average,,Not Available,Results are not available for this reporting period,
330241,UNIVERSITY HOSPITAL S U N Y HEALTH SCIENCE CENTER,750 EAST ADAMS STREET,SYRACUSE,NY,13210,ONONDAGA,3154734240,Acute Care Hospitals,Government - State,true,true,1,,Same as the National average,,Below the National average,,Below the National average,,Below the National average,,Same as the National average,,Below the National average,,Same as the National average,,
330245,ST ELIZABETH MEDICAL CENTER,2209 GENESEE STREET,UTICA,NY,13501,ONEIDA,3157988100,Acute Care Hospitals,Voluntary non-profit - Private,true,true,2,,Same as the National average,,Below the National average,,Same as the National average,,Same as the National average,,Below the National average,,Below the National average,,Same as the National average,,
330246,ST CHARLES HOSPITAL,200 BELLE TERRE ROAD,PORT JEFFERSON,NY,11777,SUFFOLK,6314746000,Acute Care Hospitals,Voluntary non-profit - Church,true,,3,,Same as the National average,,Above the National average,,Below the National average,,Same as the National average,,Same as the National average,,Below the National average,,Same as the National average,,
330250,CHAMPLAIN VALLEY PHYSICIANS HOSPITAL MEDICAL CTR,75 BEEKMAN STREET,PLATTSBURGH,NY,12901,CLINTON,5185627767,Acute Care Hospitals,Voluntary non-profit - Private,true,true,3,,Same as the National average,,Above the National average,,Below the National average,,Same as the National average,,Same as the National average,,Below the National average,,Above the National average,,
330259,MERCY MEDICAL CENTER,1000 NORTH VILLAGE AVENUE,ROCKVILLE CENTRE,NY,11570,NASSAU,5167052525,Acute Care Hospitals,Voluntary non-profit - Private,true,true,1,,Same as the National average,,Same as the National average,,Below the National average,,Below the National average,,Same as the National average,,Below the National average,,Same as the National average,,
330261,PHELPS MEMORIAL HOSPITAL ASSN,701 NORTH BROADWAY,SLEEPY HOLLOW,NY,10591,WESTCHESTER,9143663000,Acute Care Hospitals,Voluntary non-profit - Other,true,true,3,,Same as the National average,,Same as the National average,,Same as the National average,,Same as the National average,,Same as the National average,,Below the National average,,Same as the National average,,
330264,ST LUKE'S CORNWALL HOSPITAL,70 DUBOIS STREET,NEWBURGH,NY,12550,ORANGE,8455614400,Acute Care Hospitals,Voluntary non-profit - Other,true,true,2,,Same as the National average,,Same as the National average,,Below the National average,,Below the National average,,Same as the National average,,Below the National average,,Same as the National average,,
330265,CLIFTON SPRINGS HOSPITAL AND CLINIC,2 COULTER ROAD,CLIFTON SPRINGS,NY,14432,ONTARIO,3154629561,Acute Care Hospitals,Voluntary non-profit - Private,true,true,3,,Same as the National average,,Same as the National average,,Same as the National average,,Same as the National average,,Same as the National average,,Same as the National average,,Not Available,Results are not available for this reporting period,
330267,NEW YORK-PRESBYTERIAN/HUDSON VALLEY HOSPITAL,1980 CROMPOND ROAD,CORTLANDT MANOR,NY,10567,WESTCHESTER,9147343611,Acute Care Hospitals,Voluntary non-profit - Private,true,true,2,,Same as the National average,,Below the National average,,Below the National average,,Same as the National average,,Same as the National average,,Below the National average,,Same as the National average,,
330268,COBLESKILL REGIONAL HOSPITAL,178 GRANDVIEW DRIVE,COBLESKILL,NY,12043,SCHOHARIE,5182543300,Acute Care Hospitals,Voluntary non-profit - Private,true,true,4,,Same as the National average,,Not Available,Results are not available for this reporting period,Same as the National average,,Same as the National average,,Same as the National average,,Same as the National average,,Not Available,Results are not available for this reporting period,
330270,HOSPITAL FOR SPECIAL SURGERY,535 EAST 70TH STREET,NEW YORK,NY,10021,NEW YORK,2126061000,Acute Care Hospitals,Voluntary non-profit - Private,true,true,5,,Not Available,Results are not available for this reporting period,Same as the National average,,Not Available,Results are not available for this reporting period,Above the National average,,Same as the National average,,Not Available,Results are not available for this reporting period,Not Available,Results are not available for this reporting period,
330273,PUTNAM HOSPITAL CENTER,670 STONELEIGH AVENUE,CARMEL,NY,10512,PUTNAM,9142795711,Acute Care Hospitals,Voluntary non-profit - Private,true,true,3,,Same as the National average,,Same as the National average,,Below the National average,,Above the National average,,Same as the National average,,Same as the National average,,Same as the National average,,
330276,NATHAN LITTAUER HOSPITAL,99 EAST STATE STREET,GLOVERSVILLE,NY,12078,FULTON,5187258621,Acute Care Hospitals,Voluntary non-profit - Private,true,true,3,,Same as the National average,,Same as the National average,,Below the National average,,Same as the National average,,Same as the National average,,Same as the National average,,Same as the National average,,
330277,CORNING HOSPITAL,1 GUTHRIE DRIVE,CORNING,NY,14830,STEUBEN,6079377200,Acute Care Hospitals,Voluntary non-profit - Private,true,true,4,,Same as the National average,,Above the National average,,Below the National average,,Above the National average,,Same as the National average,,Same as the National average,,Same as the National average,,
330279,MERCY HOSPITAL OF BUFFALO,565 ABBOTT ROAD,BUFFALO,NY,14220,ERIE,7168267000,Acute Care Hospitals,Voluntary non-profit - Private,true,true,2,,Below the National average,,Below the National average,,Above the National average,,Below the National average,,Same as the National average,,Below the National average,,Same as the National average,,
330285,STRONG MEMORIAL HOSPITAL,601 ELMWOOD AVE,ROCHESTER,NY,14642,MONROE,5852752121,Acute Care Hospitals,Voluntary non-profit - Private,true,true,3,,Same as the National average,,Above the National average,,Below the National average,,Same as the National average,,Same as the National average,,Below the National average,,Below the National average,,
330286,GOOD SAMARITAN HOSPITAL MEDICAL CENTER,1000 MONTAUK HIGHWAY,WEST ISLIP,NY,11795,SUFFOLK,6313763000,Acute Care Hospitals,Voluntary non-profit - Church,true,true,1,,Same as the National average,,Below the National average,,Below the National average,,Below the National average,,Same as the National average,,Below the National average,,Above the National average,,
330304,WHITE PLAINS HOSPITAL CENTER,41 EAST POST R0AD,WHITE PLAINS,NY,10601,WESTCHESTER,9146810600,Acute Care Hospitals,Voluntary non-profit - Private,true,true,3,,Above the National average,,Below the National average,,Below the National average,,Above the National average,,Above the National average,,Below the National average,,Above the National average,,
330307,CAYUGA MEDICAL CENTER AT ITHACA,101 DATES DRIVE,ITHACA,NY,14850,TOMPKINS,6072744401,Acute Care Hospitals,Voluntary non-profit - Private,true,true,3,,Below the National average,,Same as the National average,,Above the National average,,Above the National average,,Same as the National average,,Below the National average,,Above the National average,,
330331,PLAINVIEW HOSPITAL,888 OLD COUNTRY ROAD,PLAINVIEW,NY,11803,NASSAU,5167193000,Acute Care Hospitals,Voluntary non-profit - Private,true,,2,,Above the National average,,Below the National average,,Below the National average,,Below the National average,,Same as the National average,,Below the National average,,Above the National average,,
330332,ST JOSEPH HOSPITAL,4295 HEMPSTEAD TURNPIKE,BETHPAGE,NY,11714,NASSAU,5165796000,Acute Care Hospitals,Voluntary non-profit - Private,true,true,2,,Same as the National average,,Same as the National average,,Below the National average,,Below the National average,,Same as the National average,,Below the National average,,Same as the National average,,
330340,SOUTHAMPTON HOSPITAL,240 MEETING HOUSE LANE,SOUTHAMPTON,NY,11968,SUFFOLK,5167268200,Acute Care Hospitals,Voluntary non-profit - Private,true,true,2,,Same as the National average,,Same as the National average,,Below the National average,,Below the National average,,Below the National average,,Below the National average,,Same as the National average,,
330350,UNIVERSITY HOSPITAL OF BROOKLYN ( DOWNSTATE ),445 LENOX ROAD,BROOKLYN,NY,11203,KINGS,7182701000,Acute Care Hospitals,Government - State,true,true,1,,Above the National average,,Below the National average,,Below the National average,,Below the National average,,Below the National average,,Below the National average,,Same as the National average,,
330372,FRANKLIN HOSPITAL,900 FRANKLIN AVENUE,VALLEY STREAM,NY,11580,NASSAU,5162566000,Acute Care Hospitals,Voluntary non-profit - Private,true,true,1,,Same as the National average,,Below the National average,,Below the National average,,Below the National average,,Same as the National average,,Below the National average,,Same as the National average,,
330385,NORTH CENTRAL BRONX HOSPITAL,3424 KOSSUTH AVENUE & 210TH STREET,BRONX,NY,10467,BRONX,2125195000,Acute Care Hospitals,Government - Local,true,true,2,,Not Available,Results are not available for this reporting period,Same as the National average,,Below the National average,,Below the National average,,Same as the National average,,Below the National average,,Not Available,Results are not available for this reporting period,
330386,CATSKILL REGIONAL MEDICAL CENTER,68 HARRIS BUSHVILLE ROAD,HARRIS,NY,12742,SULLIVAN,8457943300,Acute Care Hospitals,Voluntary non-profit - Private,true,true,2,,Same as the National average,,Below the National average,,Below the National average,,Below the National average,,Same as the National average,,Below the National average,,Not Available,Results are not available for this reporting period,
330387,ROCKEFELLER UNIVERSITY HOSPITAL,1230 YORK AVENUE,NEW YORK,NY,10021,NEW YORK,2125708000,Acute Care Hospitals,Voluntary non-profit - Private,false,,Not Available,Data are shown only for hospitals that participate in the Inpatient Quality Reporting (IQR) and Outpatient Quality Reporting (OQR) programs,Not Available,Data are shown only for hospitals that participate in the Inpatient Quality Reporting (IQR) and Outpatient Quality Reporting (OQR) programs,Not Available,Data are shown only for hospitals that participate in the Inpatient Quality Reporting (IQR) and Outpatient Quality Reporting (OQR) programs,Not Available,Data are shown only for hospitals that participate in the Inpatient Quality Reporting (IQR) and Outpatient Quality Reporting (OQR) programs,Not Available,Data are shown only for hospitals that participate in the Inpatient Quality Reporting (IQR) and Outpatient Quality Reporting (OQR) programs,Not Available,Data are shown only for hospitals that participate in the Inpatient Quality Reporting (IQR) and Outpatient Quality Reporting (OQR) programs,Not Available,Data are shown only for hospitals that participate in the Inpatient Quality Reporting (IQR) and Outpatient Quality Reporting (OQR) programs,Not Available,Data are shown only for hospitals that participate in the Inpatient Quality Reporting (IQR) and Outpatient Quality Reporting (OQR) programs,
330393,UNIVERSITY HOSPITAL ( STONY BROOK ),HEALTH SCIENCES CENTER SUNY,STONY BROOK,NY,11794,SUFFOLK,6314444000,Acute Care Hospitals,Government - State,true,true,2,,Above the National average,,Below the National average,,Below the National average,,Same as the National average,,Same as the National average,,Below the National average,,Same as the National average,,
330394,"UNITED HEALTH SERVICES HOSPITALS, INC",10-42 MITCHELL AVENUE,BINGHAMTON,NY,13903,BROOME,6077636000,Acute Care Hospitals,Voluntary non-profit - Private,true,true,2,,Below the National average,,Below the National average,,Above the National average,,Below the National average,,Same as the National average,,Below the National average,,Same as the National average,,
330395,ST JOHN'S EPISCOPAL HOSPITAL AT SOUTH SHORE,327 BEACH 19TH STREET,FAR ROCKAWAY,NY,11691,QUEENS,7188697000,Acute Care Hospitals,Voluntary non-profit - Private,true,true,1,,Below the National average,,Same as the National average,,Below the National average,,Below the National average,,Same as the National average,,Below the National average,,Not Available,Results are not available for this reporting period,
330396,WOODHULL MEDICAL AND MENTAL HEALTH CENTER,760 BROADWAY,BROOKLYN,NY,11206,KINGS,7189638100,Acute Care Hospitals,Government - Local,true,true,2,,Same as the National average,,Same as the National average,,Below the National average,,Below the National average,,Below the National average,,Below the National average,,Not Available,Results are not available for this reporting period,
330397,INTERFAITH MEDICAL CENTER,1545 ATLANTIC AVENUE,BROOKLYN,NY,11213,KINGS,7186134000,Acute Care Hospitals,Voluntary non-profit - Private,false,true,1,,Same as the National average,,Same as the National average,,Below the National average,,Below the National average,,Below the National average,,Below the National average,,Not Available,Results are not available for this reporting period,
330399,ST BARNABAS HOSPITAL,4422 THIRD AVENUE,BRONX,NY,10457,BRONX,2129609000,Acute Care Hospitals,Voluntary non-profit - Private,true,true,2,,Same as the National average,,Same as the National average,,Same as the National average,,Below the National average,,Same as the National average,,Below the National average,,Not Available,Results are not available for this reporting period,
330401,ST CATHERINE OF SIENA HOSPITAL,50 ROUTE 25A,SMITHTOWN,NY,11787,SUFFOLK,6318623000,Acute Care Hospitals,Voluntary non-profit - Private,true,true,2,,Above the National average,,Below the National average,,Below the National average,,Below the National average,,Same as the National average,,Below the National average,,Same as the National average,,
330403,MONROE COMMUNITY HOSPITAL,435 EAST HENRIETTA ROAD,ROCHESTER,NY,14620,MONROE,5857606500,Acute Care Hospitals,Government - State,false,,Not Available,There are too few measures or measure groups reported to calculate a star rating or measure group score,Not Available,Results are not available for this reporting period,Not Available,Results are not available for this reporting period,Not Available,Results are not available for this reporting period,Not Available,Results are not available for this reporting period,Not Available,Results are not available for this reporting period,Not Available,Results are not available for this reporting period,Not Available,Results are not available for this reporting period,
330405,HELEN HAYES HOSPITAL,51 NORTH ROUTE 9W,WEST HAVERSTRAW,NY,10993,ROCKLAND,8457864000,Acute Care Hospitals,Government - Local,false,,Not Available,There are too few measures or measure groups reported to calculate a star rating or measure group score,Not Available,Results are not available for this reporting period,Not Available,Results are not available for this reporting period,Not Available,Results are not available for this reporting period,Not Available,Results are not available for this reporting period,Not Available,Results are not available for this reporting period,Not Available,Results are not available for this reporting period,Not Available,Results are not available for this reporting period,
330406,SUNNYVIEW HOSPITAL AND REHABILITATION CENTER,1270 BELMONT AVENUE,SCHENECTADY,NY,12308,SCHENECTADY,5183863580,Acute Care Hospitals,Voluntary non-profit - Private,false,true,Not Available,There are too few measures or measure groups reported to calculate a star rating or measure group score,Not Available,Results are not available for this reporting period,Not Available,Results are not available for this reporting period,Not Available,Results are not available for this reporting period,Not Available,Results are not available for this reporting period,Not Available,Results are not available for this reporting period,Not Available,Results are not available for this reporting period,Not Available,Results are not available for this reporting period,
330408,TRI-TOWN REGIONAL HEALTHCARE,43 WEST PEARL STREET,SIDNEY,NY,13838,DELAWARE,6075637080,Acute Care Hospitals,Voluntary non-profit - Private,true,,Not Available,Data are shown only for hospitals that participate in the Inpatient Quality Reporting (IQR) and Outpatient Quality Reporting (OQR) programs,Not Available,Data are shown only for hospitals that participate in the Inpatient Quality Reporting (IQR) and Outpatient Quality Reporting (OQR) programs,Not Available,Data are shown only for hospitals that participate in the Inpatient Quality Reporting (IQR) and Outpatient Quality Reporting (OQR) programs,Not Available,Data are shown only for hospitals that participate in the Inpatient Quality Reporting (IQR) and Outpatient Quality Reporting (OQR) programs,Not Available,Data are shown only for hospitals that participate in the Inpatient Quality Reporting (IQR) and Outpatient Quality Reporting (OQR) programs,Not Available,Data are shown only for hospitals that participate in the Inpatient Quality Reporting (IQR) and Outpatient Quality Reporting (OQR) programs,Not Available,Data are shown only for hospitals that participate in the Inpatient Quality Reporting (IQR) and Outpatient Quality Reporting (OQR) programs,Not Available,Data are shown only for hospitals that participate in the Inpatient Quality Reporting (IQR) and Outpatient Quality Reporting (OQR) programs,
331310,ELLENVILLE REGIONAL HOSPITAL,10 HEALTHY WAY,ELLENVILLE,NY,12428,ULSTER,8456476400,Critical Access Hospitals,Voluntary non-profit - Private,true,true,3,,Same as the National average,,Not Available,Results are not available for this reporting period,Same as the National average,,Not Available,Results are not available for this reporting period,Same as the National average,,Same as the National average,,Not Available,Results are not available for this reporting period,
330409,BURDETT CARE CENTER,2215 BURDETT AVE,TROY,NY,12180,RENSSELAER,5182713655,Acute Care Hospitals,Voluntary non-profit - Private,false,,Not Available,Data are shown only for hospitals that participate in the Inpatient Quality Reporting (IQR) and Outpatient Quality Reporting (OQR) programs,Not Available,Data are shown only for hospitals that participate in the Inpatient Quality Reporting (IQR) and Outpatient Quality Reporting (OQR) programs,Not Available,Data are shown only for hospitals that participate in the Inpatient Quality Reporting (IQR) and Outpatient Quality Reporting (OQR) programs,Not Available,Data are shown only for hospitals that participate in the Inpatient Quality Reporting (IQR) and Outpatient Quality Reporting (OQR) programs,Not Available,Data are shown only for hospitals that participate in the Inpatient Quality Reporting (IQR) and Outpatient Quality Reporting (OQR) programs,Not Available,Data are shown only for hospitals that participate in the Inpatient Quality Reporting (IQR) and Outpatient Quality Reporting (OQR) programs,Not Available,Data are shown only for hospitals that participate in the Inpatient Quality Reporting (IQR) and Outpatient Quality Reporting (OQR) programs,Not Available,Data are shown only for hospitals that participate in the Inpatient Quality Reporting (IQR) and Outpatient Quality Reporting (OQR) programs,
331301,"CUBA MEMORIAL HOSPITAL, INC",140 WEST MAIN STREET,CUBA,NY,14727,ALLEGANY,5859612000,Critical Access Hospitals,Voluntary non-profit - Private,false,,Not Available,There are too few measures or measure groups reported to calculate a star rating or measure group score,Not Available,Results are not available for this reporting period,Not Available,Results are not available for this reporting period,Not Available,Results are not available for this reporting period,Not Available,Results are not available for this reporting period,Not Available,Results are not available for this reporting period,Same as the National average,,Not Available,Results are not available for this reporting period,
331302,ELIZABETHTOWN COMMUNITY HOSPITAL,75 PARK STREET,ELIZABETHTOWN,NY,12932,ESSEX,5188736377,Critical Access Hospitals,Voluntary non-profit - Private,true,true,3,,Same as the National average,,Not Available,Results are not available for this reporting period,Same as the National average,,Not Available,Results are not available for this reporting period,Not Available,Results are not available for this reporting period,Same as the National average,,Not Available,Results are not available for this reporting period,
331303,CATSKILL REGIONAL MEDICAL CENTER - G HERMANN SITE,8081 ROUTE 97,CALLICOON,NY,12723,SULLIVAN,8458875530,Critical Access Hospitals,Government - Federal,false,true,Not Available,There are too few measures or measure groups reported to calculate a star rating or measure group score,Not Available,Results are not available for this reporting period,Not Available,Results are not available for this reporting period,Not Available,Results are not available for this reporting period,Not Available,Results are not available for this reporting period,Same as the National average,,Above the National average,,Not Available,Results are not available for this reporting period,
331304,MARGARETVILLE MEMORIAL HOSPITAL,42084 STATE HIGHWAY 28,MARGARETVILLE,NY,12455,DELAWARE,8455862631,Critical Access Hospitals,Voluntary non-profit - Private,true,true,Not Available,There are too few measures or measure groups reported to calculate a star rating or measure group score,Not Available,Results are not available for this reporting period,Not Available,Results are not available for this reporting period,Not Available,Results are not available for this reporting period,Not Available,Results are not available for this reporting period,Not Available,Results are not available for this reporting period,Not Available,Results are not available for this reporting period,Not Available,Results are not available for this reporting period,
331305,O'CONNOR HOSPITAL,460 ANDES ROAD,DELHI,NY,13753,DELAWARE,6077460300,Critical Access Hospitals,Voluntary non-profit - Private,true,true,Not Available,There are too few measures or measure groups reported to calculate a star rating or measure group score,Not Available,Results are not available for this reporting period,Not Available,Results are not available for this reporting period,Same as the National average,,Not Available,Results are not available for this reporting period,Not Available,Results are not available for this reporting period,Not Available,Results are not available for this reporting period,Not Available,Results are not available for this reporting period,
331306,MOSES-LUDINGTON HOSPITAL,1019 WICKER STREET,TICONDEROGA,NY,12883,ESSEX,5185853700,Critical Access Hospitals,Voluntary non-profit - Private,true,true,Not Available,There are too few measures or measure groups reported to calculate a star rating or measure group score,Not Available,Results are not available for this reporting period,Not Available,Results are not available for this reporting period,Same as the National average,,Not Available,Results are not available for this reporting period,Not Available,Results are not available for this reporting period,Not Available,Results are not available for this reporting period,Not Available,Results are not available for this reporting period,
331307,CLIFTON FINE HOSPITAL,1014 OSWEGATCHIE TRAIL,STAR LAKE,NY,13690,SAINT LAWRENCE,3158483351,Critical Access Hospitals,Voluntary non-profit - Private,true,true,Not Available,There are too few measures or measure groups reported to calculate a star rating or measure group score,Not Available,Results are not available for this reporting period,Not Available,Results are not available for this reporting period,Not Available,Results are not available for this reporting period,Not Available,Results are not available for this reporting period,Not Available,Results are not available for this reporting period,Not Available,Results are not available for this reporting period,Not Available,Results are not available for this reporting period,
331309,"RIVER HOSPITAL, INC",4 FULLER STREET,ALEXANDRIA BAY,NY,13607,JEFFERSON,3154822511,Critical Access Hospitals,Voluntary non-profit - Private,true,true,Not Available,There are too few measures or measure groups reported to calculate a star rating or measure group score,Not Available,Results are not available for this reporting period,Not Available,Results are not available for this reporting period,Not Available,Results are not available for this reporting period,Not Available,Results are not available for this reporting period,Not Available,Results are not available for this reporting period,Not Available,Results are not available for this reporting period,Not Available,Results are not available for this reporting period,
331311,LITTLE FALLS HOSPITAL,140 BURWELL STREET,LITTLE FALLS,NY,13365,HERKIMER,3158235261,Critical Access Hospitals,Voluntary non-profit - Private,true,true,4,,Same as the National average,,Not Available,Results are not available for this reporting period,Same as the National average,,Above the National average,,Not Available,Results are not available for this reporting period,Same as the National average,,Not Available,Results are not available for this reporting period,
331312,"DELAWARE VALLEY HOSPITAL, INC",1 TITUS PLACE,WALTON,NY,13856,DELAWARE,6078652188,Critical Access Hospitals,Voluntary non-profit - Private,true,true,3,,Same as the National average,,Not Available,Results are not available for this reporting period,Same as the National average,,Not Available,Results are not available for this reporting period,Not Available,Results are not available for this reporting period,Above the National average,,Same as the National average,,
331313,"SCHUYLER HOSPITAL, INC",220 STEUBEN STREET,MONTOUR FALLS,NY,14865,SCHUYLER,6075307121,Critical Access Hospitals,Voluntary non-profit - Private,true,true,3,,Same as the National average,,Not Available,Results are not available for this reporting period,Same as the National average,,Not Available,Results are not available for this reporting period,Not Available,Results are not available for this reporting period,Not Available,Results are not available for this reporting period,Same as the National average,,
331314,SOLDIERS AND SAILORS MEMORIAL HOSPITAL OF YATES,418 NORTH MAIN STREET,PENN YAN,NY,14527,YATES,3157874175,Critical Access Hospitals,Voluntary non-profit - Other,true,true,3,,Same as the National average,,Not Available,Results are not available for this reporting period,Same as the National average,,Same as the National average,,Same as the National average,,Same as the National average,,Not Available,Results are not available for this reporting period,
331315,GOUVERNEUR HOSPITAL,77 WEST BARNEY STREET,GOUVERNEUR,NY,13642,SAINT LAWRENCE,3152871000,Critical Access Hospitals,Voluntary non-profit - Private,true,true,Not Available,There are too few measures or measure groups reported to calculate a star rating or measure group score,Same as the National average,,Not Available,Results are not available for this reporting period,Same as the National average,,Not Available,Results are not available for this reporting period,Not Available,Results are not available for this reporting period,Not Available,Results are not available for this reporting period,Not Available,Results are not available for this reporting period,
331316,"COMMUNITY MEMORIAL HOSPITAL, INC",150 BROAD STREET,HAMILTON,NY,13346,MADISON,3158241100,Critical Access Hospitals,Voluntary non-profit - Private,true,true,4,,Same as the National average,,Not Available,Results are not available for this reporting period,Same as the National average,,Above the National average,,Same as the National average,,Same as the National average,,Same as the National average,,
331317,LEWIS COUNTY GENERAL HOSPITAL,7785 NORTH STATE STREET,LOWVILLE,NY,13367,LEWIS,3153765200,Critical Access Hospitals,Voluntary non-profit - Other,true,,3,This hospitals star rating only includes data reported on inpatient services,Same as the National average,,Not Available,Results are not available for this reporting period,Same as the National average,,Same as the National average,,Same as the National average,,Same as the National average,,Not Available,Results are not available for this reporting period,
331318,"CARTHAGE AREA HOSPITAL, INC",1001 WEST STREET,CARTHAGE,NY,13619,JEFFERSON,3154931000,Critical Access Hospitals,Voluntary non-profit - Private,true,,Not Available,There are too few measures or measure groups reported to calculate a star rating or measure group score,Not Available,Results are not available for this reporting period,Not Available,Results are not available for this reporting period,Not Available,Results are not available for this reporting period,Same as the National average,,Not Available,Results are not available for this reporting period,Not Available,Results are not available for this reporting period,Not Available,Results are not available for this reporting period,
331319,MEDINA MEMORIAL HOSPITAL,200 OHIO STREET,MEDINA,NY,14103,ORLEANS,5857988111,Critical Access Hospitals,Voluntary non-profit - Private,true,,2,This hospitals star rating only includes data reported on inpatient services,Same as the National average,,Not Available,Results are not available for this reporting period,Same as the National average,,Below the National average,,Not Available,Results are not available for this reporting period,Not Available,Results are not available for this reporting period,Not Available,Results are not available for this reporting period,
333301,BLYTHEDALE CHILDREN'S HOSPITAL,95 BRADHURST AVENUE,VALHALLA,NY,10595,WESTCHESTER,9145927555,Childrens,Voluntary non-profit - Private,false,true,Not Available,Data are shown only for hospitals that participate in the Inpatient Quality Reporting (IQR) and Outpatient Quality Reporting (OQR) programs,Not Available,Data are shown only for hospitals that participate in the Inpatient Quality Reporting (IQR) and Outpatient Quality Reporting (OQR) programs,Not Available,Data are shown only for hospitals that participate in the Inpatient Quality Reporting (IQR) and Outpatient Quality Reporting (OQR) programs,Not Available,Data are shown only for hospitals that participate in the Inpatient Quality Reporting (IQR) and Outpatient Quality Reporting (OQR) programs,Not Available,Data are shown only for hospitals that participate in the Inpatient Quality Reporting (IQR) and Outpatient Quality Reporting (OQR) programs,Not Available,Data are shown only for hospitals that participate in the Inpatient Quality Reporting (IQR) and Outpatient Quality Reporting (OQR) programs,Not Available,Data are shown only for hospitals that participate in the Inpatient Quality Reporting (IQR) and Outpatient Quality Reporting (OQR) programs,Not Available,Data are shown only for hospitals that participate in the Inpatient Quality Reporting (IQR) and Outpatient Quality Reporting (OQR) programs,
